<?xml version="1.0" encoding="UTF-8"?>
<project-private xmlns="http://www.netbeans.org/ns/project-private/1">
    <editor-bookmarks xmlns="http://www.netbeans.org/ns/editor-bookmarks/2" lastBookmarkId="0"/>
    <open-files xmlns="http://www.netbeans.org/ns/projectui-open-files/2">
        <group>
            <file>file:/D:/Code/GitHub/Coin/BabyCakesCoin/CoinSleuth/src/coinsleuth/Coin.java</file>
            <file>file:/D:/Code/GitHub/Coin/BabyCakesCoin/CoinSleuth/src/coinsleuth/CoinInterface.fxml</file>
            <file>file:/D:/Code/GitHub/Coin/BabyCakesCoin/CoinSleuth/src/coinsleuth/CoinGUI.java</file>
            <file>file:/D:/Code/GitHub/Coin/BabyCakesCoin/CoinSleuth/src/coinsleuth/CoinList.java</file>
            <file>file:/D:/Code/GitHub/Coin/BabyCakesCoin/CoinSleuth/src/coinsleuth/CoinFetcherClient.java</file>
            <file>file:/D:/Code/GitHub/Coin/BabyCakesCoin/CoinSleuth/src/coinsleuth/CoinInterfaceController.java</file>
        </group>
    </open-files>
</project-private>
